[
  {
    "id" : "fhir.hl7chile.ListaDeEspera",
    "type" : "ImplementationGuide",
    "url" : "http://minsal.cl/listaespera/ImplementationGuide/fhir.hl7chile.ListaDeEspera",
    "version" : "0.1.0",
    "name" : "ListaEsperaChile"
  },
  {
    "id" : "AllergyIntoleranceLP",
    "type" : "StructureDefinition",
    "url" : "http://minsal.cl/listaespera/StructureDefinition/AllergyIntoleranceLP",
    "version" : "0.1.0",
    "name" : "AllergyIntoleranceLP"
  },
  {
    "id" : "CodigoPaises",
    "type" : "StructureDefinition",
    "url" : "http://minsal.cl/listaespera/StructureDefinition/CodigoPaises",
    "version" : "0.1.0",
    "name" : "PaisOrigenNacionalidadCl"
  },
  {
    "id" : "EncounterLP",
    "type" : "StructureDefinition",
    "url" : "http://minsal.cl/listaespera/StructureDefinition/EncounterLP",
    "version" : "0.1.0",
    "name" : "EncounterLP"
  },
  {
    "id" : "LocationLP",
    "type" : "StructureDefinition",
    "url" : "http://minsal.cl/listaespera/StructureDefinition/LocationLP",
    "version" : "0.1.0",
    "name" : "LocationLP"
  },
  {
    "id" : "MessageHeaderLP",
    "type" : "StructureDefinition",
    "url" : "http://minsal.cl/listaespera/StructureDefinition/MessageHeaderLP",
    "version" : "0.1.0",
    "name" : "MessageHeaderLP"
  },
  {
    "id" : "PacienteLP",
    "type" : "StructureDefinition",
    "url" : "http://minsal.cl/listaespera/StructureDefinition/PacienteLP",
    "version" : "0.1.0",
    "name" : "PacienteLP"
  },
  {
    "id" : "PractitioneRolerLP",
    "type" : "StructureDefinition",
    "url" : "http://minsal.cl/listaespera/StructureDefinition/PractitioneRolerLP",
    "version" : "0.1.0",
    "name" : "PractitioneRolerLP"
  },
  {
    "id" : "PractitionerLP",
    "type" : "StructureDefinition",
    "url" : "http://minsal.cl/listaespera/StructureDefinition/PractitionerLP",
    "version" : "0.1.0",
    "name" : "PractitionerLP"
  },
  {
    "id" : "QuestionnaireResponseLP",
    "type" : "StructureDefinition",
    "url" : "http://minsal.cl/listaespera/StructureDefinition/QuestionnaireResponseLP",
    "version" : "0.1.0",
    "name" : "QuestionnaireResponseLP"
  },
  {
    "id" : "ServiceRequestLP",
    "type" : "StructureDefinition",
    "url" : "http://minsal.cl/listaespera/StructureDefinition/ServiceRequestLP",
    "version" : "0.1.0",
    "name" : "ServiceRequestLP"
  }
]
