{
  "package": "fhir.hl7chile.ListaDeEspera",
  "version": "0.1.0",
  "fhirVersion": "4.0.1",
  "extensions": [
    {
      "url": "http://minsal.cl/listaespera/StructureDefinition/CodigoPaises",
      "title": "Codigo de Identificación de países",
      "types": [
        "base64Binary",
        "boolean",
        "canonical",
        "code",
        "date",
        "dateTime",
        "decimal",
        "id",
        "instant",
        "integer",
        "markdown",
        "oid",
        "positiveInt",
        "string",
        "time",
        "unsignedInt",
        "uri",
        "url",
        "uuid",
        "Address",
        "Age",
        "Annotation",
        "Attachment",
        "CodeableConcept",
        "Coding",
        "ContactPoint",
        "Count",
        "Distance",
        "Duration",
        "HumanName",
        "Identifier",
        "Money",
        "Period",
        "Quantity",
        "Range",
        "Ratio",
        "Reference",
        "SampledData",
        "Signature",
        "Timing",
        "ContactDetail",
        "Contributor",
        "DataRequirement",
        "Expression",
        "ParameterDefinition",
        "RelatedArtifact",
        "TriggerDefinition",
        "UsageContext",
        "Dosage",
        "Meta"
      ]
    }
  ],
  "profiles": {
    "AllergyIntolerance": [
      {
        "url": "http://minsal.cl/listaespera/StructureDefinition/AllergyIntoleranceLP",
        "title": "AllergyIntoleranceLP"
      }
    ],
    "Encounter": [
      {
        "url": "http://minsal.cl/listaespera/StructureDefinition/EncounterLP",
        "title": "EncounterLP"
      }
    ],
    "Location": [
      {
        "url": "http://minsal.cl/listaespera/StructureDefinition/LocationLP",
        "title": "LocationLP"
      }
    ],
    "MessageHeader": [
      {
        "url": "http://minsal.cl/listaespera/StructureDefinition/MessageHeaderLP",
        "title": "MessageHeaderLP"
      }
    ],
    "Patient": [
      {
        "url": "http://minsal.cl/listaespera/StructureDefinition/PacienteLP",
        "title": "PacienteLP"
      }
    ],
    "PractitionerRole": [
      {
        "url": "http://minsal.cl/listaespera/StructureDefinition/PractitioneRolerLP",
        "title": "PractitionerRoleLP"
      }
    ],
    "Practitioner": [
      {
        "url": "http://minsal.cl/listaespera/StructureDefinition/PractitionerLP",
        "title": "PractitionerLP"
      }
    ],
    "QuestionnaireResponse": [
      {
        "url": "http://minsal.cl/listaespera/StructureDefinition/QuestionnaireResponseLP",
        "title": "QuestionnaireResponseLP"
      }
    ],
    "ServiceRequest": [
      {
        "url": "http://minsal.cl/listaespera/StructureDefinition/ServiceRequestLP",
        "title": "ServiceRequestLP"
      }
    ]
  },
  "usage": {
    "http://hl7.org/fhir/StructureDefinition/elementdefinition-bestpractice": [
      "StructureDefinition.snapshot.element.constraint"
    ],
    "http://hl7.org/fhir/StructureDefinition/elementdefinition-bestpractice-explanation": [
      "StructureDefinition.snapshot.element.constraint"
    ],
    "http://hl7.org/fhir/StructureDefinition/elementdefinition-bindingName": [
      "StructureDefinition.snapshot.element.binding"
    ],
    "http://hl7.org/fhir/StructureDefinition/elementdefinition-isCommonBinding": [
      "StructureDefinition.snapshot.element.binding"
    ],
    "http://hl7.org/fhir/StructureDefinition/elementdefinition-maxValueSet": [
      "StructureDefinition.snapshot.element.binding"
    ],
    "http://hl7.org/fhir/StructureDefinition/structuredefinition-category": [
      "StructureDefinition"
    ],
    "http://hl7.org/fhir/StructureDefinition/structuredefinition-explicit-type-name": [
      "StructureDefinition.snapshot.element"
    ],
    "http://hl7.org/fhir/StructureDefinition/structuredefinition-fhir-type": [
      "StructureDefinition.snapshot.element.type"
    ],
    "http://hl7.org/fhir/StructureDefinition/structuredefinition-hierarchy": [
      "StructureDefinition.snapshot.element.type"
    ],
    "http://hl7.org/fhir/StructureDefinition/structuredefinition-security-category": [
      "StructureDefinition"
    ],
    "http://hl7.org/fhir/tools/StructureDefinition/ig-page-name": [
      "ImplementationGuide.definition.page",
      "ImplementationGuide.definition.page.page"
    ],
    "http://hl7.org/fhir/tools/StructureDefinition/ig-parameter": [
      "ImplementationGuide.definition"
    ],
    "http://hl7.org/fhir/tools/StructureDefinition/implementationguide-dependency-comment": [
      "ImplementationGuide.dependsOn"
    ],
    "http://hl7.org/fhir/tools/StructureDefinition/resource-information": [
      "ImplementationGuide.definition.resource"
    ],
    "http://minsal.cl/listaespera/StructureDefinition/CodigoPaises": [
      "Patient"
    ]
  }
}